{"main":"american-flights-api.raml","name":"American Flights API","organizationId":"cdc0ba0b-9441-4d94-be6c-1cf567684720","groupId":"cdc0ba0b-9441-4d94-be6c-1cf567684720","assetId":"american-flights-api","version":"1.0.4","metadata":{"branchId":"master","commitId":"4a4b56d782037487bb604faf4b4d2aac1e52df09","projectId":"735c73bf-8590-404c-b3ba-b3f0f47f8304"},"apiVersion":"v1","classifier":"raml","dependencies":[{"assetId":"training-american-flight-data-type","groupId":"68ef9520-24e9-4cf2-b2f5-620025690913","version":"1.0.1"},{"assetId":"training-american-flights-example","groupId":"68ef9520-24e9-4cf2-b2f5-620025690913","version":"1.0.1"}],"tags":[],"originalFormatVersion":"1.0"}